URL,pageTitle,titleSource,Iguais
https://www.desincha.com.br/super-colageno-frutas-vermelhas,Super Colágeno • Frutas Vermelhas | Desinchá,Desinchá,Não
https://www.desincha.com.br/super-colageno-kit-com-3,Super Colágeno • 03 Unidades | Desinchá,Desinchá,Não
https://www.desincha.com.br/super-colageno-frutas-vermelhas-kit-com-02,Super Colágeno • 02 Frutas Vermelhas | Desinchá,Desinchá,Não
https://www.desincha.com.br/super-colageno-frutas-vermelhas-abacaxi,Super Colágeno • Frutas Vermelhas + Abacaxi | Desinchá,Desinchá,Não
https://www.desincha.com.br/super-colageno-frutas-vermelhas-limao,Super Colágeno • Frutas Vermelhas + Limão Siciliano | Desinchá,Desinchá,Não
https://www.desincha.com.br/super-colageno-kit-com-3-frutas-vermelhas,Super Colágeno • 03 Unidades | Desinchá,Desinchá,Não
https://www.desincha.com.br/super-colageno-frutas-vermelhas-02-unidades,Kit 02 Super Colágeno • Frutas Vermelhas | Desinchá,Desinchá,Não
https://www.desincha.com.br/enjoint-colageno-kit-com-3,Enjoint Collagen II • Kit 3 Unidades | Desinchá,Desinchá,Não
https://www.desincha.com.br/porta-cartao-desincha-noite,Porta Cartão Desinchá Noite | Desinchá,Desinchá,Não
